band,mean,std
1,488.46370001006545,140.94676311195445
2,835.3087745800353,140.21714745070798
3,885.8593736168934,205.48892510237937
4,3051.836265073185,515.361331418026
